Table name,Table ID,Record ID,Record name,Record link,Change,Evidence,Source CSV group,Field name,Field ID,Field type,Before,After
Application,tblApp01,recApp0001,RFA-100001,https://airtable.com/appExample01/tblApp01/viwAppl01/recApp0001,Created,Written by the sync from the source row.,Applications,Binti Application ID,fldAppBid,singleLineText,,9000001
Application,tblApp01,recApp0001,RFA-100001,https://airtable.com/appExample01/tblApp01/viwAppl01/recApp0001,Created,Written by the sync from the source row.,Applications,Status,fldAppSts,singleSelect,,Applying
Application,tblApp01,recApp0001,RFA-100001,https://airtable.com/appExample01/tblApp01/viwAppl01/recApp0001,Created,Mapped from the configured organization list.,Applications,Client Type,fldAppCli,singleSelect,,NFA
Application,tblApp01,recApp0004,(unnamed),https://airtable.com/appExample01/tblApp01/viwAppl01/recApp0004,Created,Source RFA ID is blank. No value was invented.,Applications,RFA ID,fldAppRfa,singleLineText,,
Application,tblApp01,recApp0002,RFA-100002,https://airtable.com/appExample01/tblApp01/viwAppl01/recApp0002,Updated,Written by the sync from the source row.,Renewals,Renewal Due Date,fldAppRdd,date,2026-06-30,2026-12-31
Application,tblApp01,recApp0005,RFA-100005,https://airtable.com/appExample01/tblApp01/viwAppl01/recApp0005,Updated,Source organization preserved as written. No Client Type invented for an unconfigured organization.,Applications,Organizations,fldAppOrg,multilineText,Northgate Family Agency,"Northgate Family Agency, Third Partner Coalition"
Applicant,tblApl01,recApl0001,Avery Sample,https://airtable.com/appExample01/tblApl01/viwAppl01/recApl0001,Created,Written by the sync from the source row.,Applications,Email,fldAplEml,email,,avery.sample@example.org
Applicant,tblApl01,recApl0001,Avery Sample,https://airtable.com/appExample01/tblApl01/viwAppl01/recApl0001,Created,Written by the sync from the source row.,Applications,Primary Language,fldAplLng,singleSelect,,English
Historical,tblHis01,recHis0003,RFA-100001 renewal 2026-09-30,https://airtable.com/appExample01/tblHis01/viwHist01/recHis0003,Created,"One unique status event, created to account for the new renewal application ID on this case.",Renewals,Status Change Date,fldHisDte,date,,2026-09-30
Historical,tblHis01,recHis0003,RFA-100001 renewal 2026-09-30,https://airtable.com/appExample01/tblHis01/viwHist01/recHis0003,Created,Linked to the uniquely matched RFA case.,Renewals,Application,fldHisApp,multipleRecordLinks,,RFA-100001
Team Assignment,tblTeam01,recTeam0001,RFA-100001 approvals,https://airtable.com/appExample01/tblTeam01/viwTeam01/recTeam0001,Created,Matched one existing Staff record. No job role was assumed.,Applications,Staff Member,fldTeaStf,multipleRecordLinks,,Jordan Worker
Case Task,tblTask01,recTask0002,RFA-100002 renewal packet,https://airtable.com/appExample01/tblTask01/viwCase01/recTask0002,Updated,Recalculated from the renewal due date.,Renewals,Due Date,fldTskDue,date,2026-06-30,2026-12-31
Application,tblApp01,recApp0010,RFA-100010,https://airtable.com/appExample01/tblApp01/viwAppl01/recApp0010,Observed,Calculated field. The sync did not write this value.,Applications,Days In Status,fldAppDis,formula,41,42
